Timestamp,Temperature (°C),Humidity (%)
2026-09-27 19:06:25,28.1,62.6
2026-09-27 19:06:25,28.1,62.7
2026-09-27 19:06:26,28.1,62.7
2026-09-27 19:06:28,28.1,62.7
2026-09-27 19:06:32,28.1,62.7
2026-09-27 19:06:32,28.1,62.8
2026-09-27 19:06:34,28.1,62.7
2026-09-27 19:06:38,28.1,62.7
2026-09-27 19:06:38,28.1,62.7
2026-09-27 19:06:40,28.1,62.7
2026-09-27 19:06:42,28.1,62.7
2026-09-27 19:06:50,28.1,62.7
2026-09-27 19:06:50,28.1,62.7
2026-09-27 19:06:50,28.1,62.7
2026-09-27 19:07:24,28.1,62.8
2026-09-27 19:07:26,28.3,62.7
2026-09-27 19:07:28,28.1,62.8
2026-09-27 19:07:30,28.1,62.7
2026-09-27 19:07:32,28.1,62.8
2026-09-27 19:07:34,28.1,62.8
2026-09-27 19:07:37,28.1,62.8
2026-09-27 19:07:39,28.1,62.7
2026-09-27 19:07:40,28.1,62.7
2026-09-27 19:07:42,28.1,62.8
2026-09-27 19:07:44,28.1,62.7
2026-09-27 19:07:46,28.1,62.7
2026-09-27 19:07:48,28.1,62.6
2026-09-27 19:07:50,28.1,62.7
2026-09-27 19:07:54,28.1,62.7
2026-09-27 19:07:54,28.1,62.7
2026-09-27 19:07:58,28.1,62.7
2026-09-27 19:08:01,28.1,62.6
2026-09-27 19:08:01,28.1,62.6
2026-09-27 19:08:02,28.1,62.6
2026-09-27 19:08:04,28.1,62.7
2026-09-27 19:08:08,28.1,62.7
2026-09-27 19:08:10,28.1,62.7
2026-09-27 19:08:10,28.1,62.7
2026-09-27 19:08:12,28.1,62.7
2026-09-27 19:08:14,28.1,62.7
2026-09-27 19:08:16,28.1,62.7
2026-09-27 19:08:18,28.1,62.7
2026-09-27 19:08:21,28.1,62.7
2026-09-27 19:08:23,28.1,62.8
2026-09-27 19:08:27,28.1,62.8
2026-09-27 19:08:27,28.1,62.8
2026-09-27 19:08:29,28.1,62.8
2026-09-27 19:08:31,28.1,62.8
2026-09-27 19:08:33,28.1,62.8
2026-09-27 19:08:35,28.1,62.8
2026-09-27 19:08:38,28.1,62.8
2026-09-27 19:08:40,28.1,62.8
2026-09-27 19:08:41,28.1,62.8
2026-09-27 19:08:43,28.1,62.8
2026-09-27 19:08:45,28.1,62.8
2026-09-27 19:08:47,28.1,62.8
2026-09-27 19:08:49,28.1,62.7
2026-09-27 19:08:51,28.1,62.8
2026-09-27 19:08:53,28.1,62.8
2026-09-27 19:08:55,28.1,62.8
2026-09-27 19:08:57,28.1,62.7
2026-09-27 19:08:59,28.1,62.8
2026-09-27 19:09:01,28.1,62.8
2026-09-27 19:09:03,28.1,62.8
2026-09-27 19:09:05,28.1,62.8
2026-09-27 19:09:07,28.1,62.8
2026-09-27 19:09:14,28.1,62.8
2026-09-27 19:09:14,28.1,62.8
2026-09-27 19:09:14,28.1,62.8
2026-09-27 19:09:20,28.1,62.8
2026-09-27 19:09:24,28.1,62.8
2026-09-27 19:09:24,28.1,62.8
2026-09-27 19:09:24,28.1,62.8
2026-09-27 19:09:24,28.1,62.8
2026-09-27 19:09:27,28.1,62.8
2026-09-27 19:10:40,28.1,62.8
2026-09-27 19:10:50,28.9,62.3
2026-09-27 19:11:26,28.3,62.5
2026-09-27 19:11:26,28.4,62.4
2026-09-27 19:11:27,28.3,62.5
2026-09-27 19:11:29,28.3,62.8
2026-09-27 19:11:59,28.3,62.3
2026-09-27 19:12:02,28.3,62.3
2026-09-27 19:13:51,28.3,62.1
2026-09-27 19:13:53,28.4,62.1
2026-09-27 19:14:04,28.3,62.1
2026-09-27 19:15:06,28.3,62.1
2026-09-27 19:15:08,29.4,83.5
2026-09-27 19:15:10,29.8,92.1
2026-09-27 19:15:12,30.5,95.3
2026-09-27 19:15:14,30.7,96.3
2026-09-27 19:15:16,31,98.1
2026-09-27 19:15:18,31.4,95
2026-09-27 19:15:20,31.9,95
2026-09-27 19:15:23,32.1,95
2026-09-27 19:15:24,32.2,95
2026-09-27 19:15:26,32.3,95
2026-09-27 19:15:28,32.8,95
2026-09-27 19:15:31,32.8,95
2026-09-27 19:15:33,32.8,95
2026-09-27 19:15:35,32.9,95
2026-09-27 19:15:37,33.3,95
2026-09-27 19:15:39,33.5,95
2026-09-27 19:15:41,33.7,95
2026-09-27 19:15:43,33.8,95
2026-09-27 19:15:45,33.9,95
2026-09-27 19:15:47,34.1,95
2026-09-27 19:15:49,34.2,95
2026-09-27 19:15:51,34.4,95
2026-09-27 19:15:54,34.5,95
2026-09-27 19:15:55,34.6,95
2026-09-27 19:15:57,34.6,95
2026-09-27 19:15:59,34.5,95
2026-09-27 19:16:01,34.5,95
2026-09-27 19:16:03,34.5,95
2026-09-27 19:16:05,34.6,95
2026-09-27 19:16:07,34.6,95
2026-09-27 19:16:09,34.8,95
2026-09-27 19:16:11,35,95
2026-09-27 19:16:15,34.9,95
2026-09-27 19:16:15,34.8,95
2026-09-27 19:16:17,34.7,95
2026-09-27 19:16:19,34.5,95
2026-09-27 19:16:21,34.2,95
2026-09-27 19:16:23,34,95
2026-09-27 19:16:25,33.8,95
2026-09-27 19:16:27,33.6,95
2026-09-27 19:16:29,33.4,95
2026-09-27 19:16:31,33.2,95
2026-09-27 19:16:33,33,95
2026-09-27 19:16:35,32.8,95
2026-09-27 19:16:37,32.7,95
2026-09-27 19:16:40,32.5,95
2026-09-27 19:16:41,32.3,95
2026-09-27 19:16:44,32.2,95
2026-09-27 19:16:45,32,95
2026-09-27 19:16:48,31.9,95
2026-09-27 19:16:50,31.8,95
2026-09-27 19:16:52,31.7,95
2026-09-27 19:16:54,31.6,95
2026-09-27 19:16:56,31.5,95
2026-09-27 19:16:58,31.4,95
2026-09-27 19:17:00,31.3,95
2026-09-27 19:17:02,31.2,95
2026-09-27 19:17:04,31.1,95
2026-09-27 19:17:06,31,95
2026-09-27 19:17:08,30.9,95
2026-09-27 19:17:10,30.8,95
2026-09-27 19:17:12,30.7,95
2026-09-27 19:17:14,30.6,95
2026-09-27 19:17:16,30.5,95
2026-09-27 19:17:18,30.5,95
2026-09-27 19:17:20,30.4,95
2026-09-27 19:17:22,30.3,95
2026-09-27 19:17:24,30.2,95
2026-09-27 19:17:26,30.2,95
2026-09-27 19:17:28,30.1,95
2026-09-27 19:17:30,30,95
2026-09-27 19:17:32,30,95
2026-09-27 19:17:34,29.9,95
2026-09-27 19:17:36,29.8,95
2026-09-27 19:17:38,29.8,95
2026-09-27 19:17:40,29.7,95
2026-09-27 19:17:42,29.7,95
2026-09-27 19:17:44,29.6,95
2026-09-27 19:17:46,29.6,95
2026-09-27 19:17:48,29.5,95
2026-09-27 19:17:50,29.5,95
2026-09-27 19:17:52,29.4,95
2026-09-27 19:17:54,29.4,95
2026-09-27 19:17:56,29.3,95
2026-09-27 19:17:58,29.3,95
2026-09-27 19:18:01,29.3,95
2026-09-27 19:18:02,29.2,95
2026-09-27 19:18:04,29.2,95
2026-09-27 19:18:07,29.1,95
2026-09-27 19:18:09,29.1,95
2026-09-27 19:18:11,29,95
2026-09-27 19:18:13,29,95
2026-09-27 19:18:15,29,95
2026-09-27 19:18:17,29,95
2026-09-27 19:18:19,28.9,95
2026-09-27 19:18:21,28.9,95
2026-09-27 19:18:23,28.9,95
2026-09-27 19:18:25,28.8,95
2026-09-27 19:18:27,28.8,95
2026-09-27 19:18:29,28.8,95
2026-09-27 19:18:31,28.7,99.6
2026-09-27 19:18:33,28.7,99.1
2026-09-27 19:18:35,28.7,98.6
2026-09-27 19:18:37,28.7,98.6
2026-09-27 19:18:39,28.6,97.6
2026-09-27 19:18:41,28.6,97.1
2026-09-27 19:18:43,28.6,96.6
2026-09-27 19:18:45,28.6,96.1
2026-09-27 19:18:47,28.5,95.6
2026-09-27 19:18:49,28.5,95.1
2026-09-27 19:18:51,28.5,94.1
2026-09-27 19:18:53,28.5,93.6
2026-09-27 19:18:55,28.4,93.4
2026-09-27 19:18:57,28.4,92.2
2026-09-27 19:18:59,28.4,92.2
2026-09-27 19:19:01,28.4,91.4
2026-09-27 19:19:03,28.4,90.7
2026-09-27 19:19:05,28.4,90.4
2026-09-27 19:19:07,28.3,89.7
2026-09-27 19:19:09,28.3,89.4
2026-09-27 19:19:11,28.3,88.7
2026-09-27 19:19:13,28.3,88.1
2026-09-27 19:19:15,28.3,87.5
2026-09-27 19:19:18,28.3,87
2026-09-27 19:19:20,28.2,86.6
2026-09-27 19:19:22,28.2,86.1
2026-09-27 19:19:24,28.2,85.3
2026-09-27 19:19:26,28.2,84.8
2026-09-27 19:19:28,28.2,84.2
2026-09-27 19:19:30,28.2,83.6
2026-09-27 19:19:32,28.1,83
2026-09-27 19:19:34,28.1,82.5
2026-09-27 19:19:36,28.1,82
2026-09-27 19:19:38,28.1,81.5
2026-09-27 19:19:40,28.1,81
2026-09-27 19:19:42,28.1,80.5
2026-09-27 19:19:44,28.1,80
2026-09-27 19:19:46,28.1,79.3
2026-09-27 19:19:48,28.1,79
2026-09-27 19:19:50,28.1,78.5
2026-09-27 19:19:52,28,78.2
2026-09-27 19:19:54,28,77.7
2026-09-27 19:19:56,28,77.4
2026-09-27 19:19:58,28,77
2026-09-27 19:20:00,28,76.4
2026-09-27 19:20:02,28,76.3
2026-09-27 19:20:04,28,76.1
2026-09-27 19:20:06,28,75.8
2026-09-27 19:20:08,28,75.6
2026-09-27 19:20:10,28,75.3
2026-09-27 19:20:12,28,75.1
2026-09-27 19:20:14,28,74.9
2026-09-27 19:20:16,28,74.7
2026-09-27 19:20:18,28,74.4
2026-09-27 19:20:20,28,74.2
2026-09-27 19:20:22,28,74.1
2026-09-27 19:20:24,28,73.8
2026-09-27 19:20:26,28,73.6
2026-09-27 19:20:28,28,73.4
2026-09-27 19:20:30,28,73.2
2026-09-27 19:20:32,28,73
2026-09-27 19:20:34,28,72.8
2026-09-27 19:20:37,27.9,72.8
2026-09-27 19:20:38,27.9,72.7
2026-09-27 19:20:40,27.9,72.5
2026-09-27 19:20:43,27.9,72.4
2026-09-27 19:20:45,27.9,72.3
2026-09-27 19:20:47,27.9,72.1
2026-09-27 19:20:49,27.9,72
2026-09-27 19:20:51,27.9,71.8
2026-09-27 19:20:53,27.9,71.7
2026-09-27 19:20:55,27.9,71.6
2026-09-27 19:20:57,27.9,71.4
2026-09-27 19:20:59,27.9,71.4
2026-09-27 19:21:01,27.9,71.3
2026-09-27 19:21:03,27.9,71.1
2026-09-27 19:21:05,27.9,70.9
2026-09-27 19:21:07,27.9,70.8
2026-09-27 19:21:09,27.9,70.8
2026-09-27 19:21:11,27.9,70.7
2026-09-27 19:21:13,27.9,70.6
2026-09-27 19:21:19,27.9,70.5
2026-09-27 19:21:19,27.9,70.4
2026-09-27 19:21:19,27.9,70.3
2026-09-27 19:21:21,27.9,70.2
2026-09-27 19:21:23,27.9,70.1
2026-09-27 19:21:25,27.9,70
2026-09-27 19:21:27,27.9,69.9
2026-09-27 19:21:29,27.9,69.8
2026-09-27 19:21:31,27.9,69.8
2026-09-27 19:21:33,27.9,69.7
2026-09-27 19:21:35,27.9,69.6
2026-09-27 19:21:37,27.9,69.5
2026-09-27 19:21:39,27.9,69.4
2026-09-27 19:21:41,27.9,69.3
2026-09-27 19:21:43,27.9,69.3
2026-09-27 19:21:45,27.9,69.2
2026-09-27 19:21:48,27.9,69.1
2026-09-27 19:21:49,27.9,69
2026-09-27 19:21:51,27.9,68.9
2026-09-27 19:21:53,27.9,68.8
2026-09-27 19:21:56,27.9,68.8
2026-09-27 19:21:58,27.9,68.7
2026-09-27 19:22:00,27.9,68.6
2026-09-27 19:22:02,27.9,68.5
2026-09-27 19:22:04,27.9,68.5
2026-09-27 19:22:06,27.9,68.4
2026-09-27 19:22:08,27.9,68.3
2026-09-27 19:22:10,27.9,68.4
2026-09-27 19:22:12,27.9,68.2
2026-09-27 19:22:14,27.9,68.2
2026-09-27 19:22:16,27.9,68.1
2026-09-27 19:22:18,27.9,68
2026-09-27 19:22:23,27.9,67.9
2026-09-27 19:22:23,27.9,68.1
2026-09-27 19:22:24,27.9,67.9
2026-09-27 19:22:26,27.9,67.8
2026-09-27 19:22:28,27.9,67.8
2026-09-27 19:22:30,27.9,67.7
2026-09-27 19:22:32,27.9,67.6
2026-09-27 19:22:34,27.9,67.6
2026-09-27 19:22:36,27.9,67.5
2026-09-27 19:22:38,27.9,67.5
2026-09-27 19:22:40,27.9,67.4
2026-09-27 19:22:42,27.9,67.4
2026-09-27 19:22:44,27.9,67.3
2026-09-27 19:22:46,27.9,67.3
2026-09-27 19:22:48,27.9,67.2
2026-09-27 19:22:50,27.9,67.2
2026-09-27 19:22:52,27.9,67.1
2026-09-27 19:22:54,27.9,67.1
2026-09-27 19:22:56,27.9,67
2026-09-27 19:22:58,27.9,66.9
2026-09-27 19:23:00,27.9,66.9
2026-09-27 19:23:02,27.9,66.9
2026-09-27 19:23:04,27.9,66.8
2026-09-27 19:23:06,27.9,66.8
2026-09-27 19:23:08,27.9,66.8
2026-09-27 19:23:10,27.9,66.7
2026-09-27 19:24:23,27.9,65.8
2026-09-27 19:24:25,27.6,65.7
2026-09-27 19:24:27,27.9,65.8
2026-09-27 19:24:30,27.9,65.8
2026-09-27 19:24:32,27.9,65.7
2026-09-27 19:24:34,27.9,65.7
2026-09-27 19:24:36,27.8,65.7
2026-09-27 19:24:38,27.9,65.7
2026-09-27 19:24:40,27.9,65.7
2026-09-27 19:24:42,27.9,65.7
2026-09-27 19:24:44,27.9,65.7
2026-09-27 19:24:46,27.9,65.7
2026-09-27 19:24:48,27.9,65.6
2026-09-27 19:24:50,27.9,65.6
2026-09-27 19:24:52,27.9,65.6
2026-09-27 19:24:54,27.9,65.6
2026-09-27 19:24:56,27.9,65.6
2026-09-27 19:24:58,27.9,65.6
2026-09-27 19:25:00,27.9,65.5
2026-09-27 19:25:02,27.9,65.5
2026-09-27 19:25:04,27.9,65.5
2026-09-27 19:25:06,27.9,65.5
2026-09-27 19:25:08,27.9,65.5
2026-09-27 19:25:12,27.9,65.5
2026-09-27 19:25:12,27.9,65.5
2026-09-27 19:25:14,27.9,65.4
2026-09-27 19:25:16,27.8,65.4
2026-09-27 19:25:18,27.9,65.4
2026-09-27 19:25:20,27.9,65.4
2026-09-27 19:25:22,27.9,65.4
2026-09-27 19:25:24,27.9,65.4
2026-09-27 19:25:26,27.9,65.4
2026-09-27 19:25:28,27.9,65.4
2026-09-27 19:25:30,27.9,65.4
2026-09-27 19:25:32,27.9,65.4
2026-09-27 19:25:34,27.9,65.4
2026-09-27 19:25:36,27.9,65.4
2026-09-27 19:25:38,27.9,65.5
2026-09-27 19:25:40,27.9,65.4
2026-09-27 19:25:42,27.9,65.4
2026-09-27 19:25:44,27.9,65.4
2026-09-27 19:25:47,27.9,65.4
2026-09-27 19:25:48,27.9,65.3
2026-09-27 19:25:51,27.9,65.3
2026-09-27 19:25:53,27.9,65.3
2026-09-27 19:25:55,27.9,65.3
2026-09-27 19:25:57,27.9,65.3
2026-09-27 19:25:59,27.9,65.3
2026-09-27 19:26:01,27.9,65.3
2026-09-27 19:26:03,27.9,65.2
2026-09-27 19:26:05,27.9,65.2
2026-09-27 19:26:07,27.9,65.2
2026-09-27 19:26:09,27.9,65.2
2026-09-27 19:26:11,27.9,65.2
2026-09-27 19:26:13,27.9,65.2
2026-09-27 19:26:15,27.9,65.2
2026-09-27 19:26:17,27.9,65.1
2026-09-27 19:26:19,27.9,65.1
2026-09-27 19:26:21,27.9,65.1
2026-09-27 19:26:23,27.9,65.1
2026-09-27 19:26:25,27.9,65.1
2026-09-27 19:26:27,27.9,65.1
2026-09-27 19:26:29,27.9,65.1
2026-09-27 19:26:31,27.9,65.6
2026-09-27 19:26:33,27.8,65.2
2026-09-27 19:26:35,27.8,65.2
2026-09-27 19:26:37,27.8,65.2
2026-09-27 19:26:39,27.8,65.2
2026-09-27 19:26:41,27.9,65.2
2026-09-27 19:26:43,27.8,65.2
2026-09-27 19:26:45,27.9,65.2
2026-09-27 19:26:47,27.9,65.2
2026-09-27 19:26:49,27.9,65.2
2026-09-27 19:26:51,27.9,65.2
2026-09-27 19:26:53,27.8,65.2
2026-09-27 19:26:55,27.9,65.2
2026-09-27 19:26:57,27.9,65.2
2026-09-27 19:26:59,27.9,65.2
2026-09-27 19:27:01,27.9,65.2
2026-09-27 19:27:03,27.9,65.1
2026-09-27 19:27:05,27.9,65.1
2026-09-27 19:27:07,27.9,65.1
2026-09-27 19:27:09,27.9,65.1
2026-09-27 19:27:12,27.8,65.1
2026-09-27 19:27:14,27.9,65.1
2026-09-27 19:27:16,27.9,65.1
2026-09-27 19:27:18,27.9,65
2026-09-27 19:27:20,27.9,65
2026-09-27 19:27:22,27.9,65
2026-09-27 19:27:24,27.9,65
2026-09-27 19:27:26,27.9,65
2026-09-27 19:27:28,27.9,65
2026-09-27 19:27:30,27.9,64.6
2026-09-27 19:27:32,27.9,65
2026-09-27 19:27:35,27.9,65.1
2026-09-27 19:27:36,27.9,65.1
2026-09-27 19:27:38,27.9,65.1
2026-09-27 19:27:40,27.9,65.1
2026-09-27 19:27:42,27.9,65
2026-09-27 19:27:44,27.9,65
2026-09-27 19:27:46,27.9,65
2026-09-27 19:27:48,27.9,65
2026-09-27 19:27:50,27.9,65
2026-09-27 19:27:52,27.9,65
2026-09-27 19:27:54,27.9,65
2026-09-27 19:27:56,27.9,65
2026-09-27 19:27:58,27.9,65
2026-09-27 19:28:00,27.9,65
2026-09-27 19:28:02,27.9,65
2026-09-27 19:28:04,27.9,64.9
2026-09-27 19:28:06,27.8,64.9
2026-09-27 19:28:08,27.9,64.9
2026-09-27 19:28:10,27.9,64.9
2026-09-27 19:28:12,27.9,65
2026-09-27 19:28:14,27.8,64.9
2026-09-27 19:28:16,27.8,64.9
2026-09-27 19:28:18,27.9,64.9
2026-09-27 19:28:21,27.9,64.9
2026-09-27 19:28:22,27.9,64.9
2026-09-27 19:28:25,27.9,64.9
2026-09-27 19:28:27,27.9,64.9
2026-09-27 19:28:29,27.9,64.9
2026-09-27 19:28:31,27.9,64.9
2026-09-27 19:28:33,27.8,64.9
2026-09-27 19:28:35,27.9,64.9
2026-09-27 19:28:37,27.8,64.9
2026-09-27 19:28:39,27.9,64.9
2026-09-27 19:28:41,27.8,64.8
2026-09-27 19:28:43,27.9,64.8
2026-09-27 19:28:45,27.8,64.8
2026-09-27 19:28:47,27.9,64.8
2026-09-27 19:28:49,27.8,64.8
2026-09-27 19:28:51,27.8,64.8
2026-09-27 19:28:53,27.9,64.8
2026-09-27 19:28:55,27.9,64.8
2026-09-27 19:28:57,27.9,64.8
2026-09-27 19:28:59,27.9,64.8
2026-09-27 19:29:01,27.9,64.8
2026-09-27 19:29:03,27.9,64.8
2026-09-27 19:29:05,27.9,64.8
2026-09-27 19:29:07,27.9,64.9
2026-09-27 19:29:09,27.9,64.9
2026-09-27 19:29:11,27.9,64.9
2026-09-27 19:29:13,27.8,64.9
2026-09-27 19:29:15,27.9,64.8
2026-09-27 19:29:17,27.9,64.8
2026-09-27 19:29:19,27.9,64.8
2026-09-27 19:29:21,27.9,64.8
2026-09-27 19:29:23,27.9,64.8
2026-09-27 19:29:25,27.8,64.9
2026-09-27 19:29:27,27.9,64.9
2026-09-27 19:29:29,27.8,64.9
2026-09-27 19:29:31,27.9,64.9
2026-09-27 19:29:33,27.8,64.9
2026-09-27 19:29:36,27.9,64.9
2026-09-27 19:29:37,27.9,65
2026-09-27 19:29:39,27.9,65.1
2026-09-27 19:29:42,27.9,65.1
2026-09-27 19:29:44,27.9,65.1
2026-09-27 19:29:46,27.8,65.1
2026-09-27 19:29:48,27.9,65.1
2026-09-27 19:29:50,27.9,65.1
2026-09-27 19:29:52,27.9,65.1
2026-09-27 19:29:54,27.9,64.6
2026-09-27 19:29:56,27.9,65
2026-09-27 19:29:58,27.9,65
2026-09-27 19:30:00,27.9,65
2026-09-27 19:30:02,27.9,65
2026-09-27 19:30:04,27.8,65
2026-09-27 19:30:06,27.8,65
2026-09-27 19:30:08,27.8,65
2026-09-27 19:30:10,27.8,65
2026-09-27 19:30:12,27.9,65
2026-09-27 19:30:14,27.8,65
2026-09-27 19:30:16,27.8,65.1
2026-09-27 19:30:18,27.8,65.2
2026-09-27 19:30:20,27.9,65.2
2026-09-27 19:30:22,27.9,65.2
2026-09-27 19:30:24,27.9,65.2
2026-09-27 19:30:26,27.9,65.2
2026-09-27 19:30:28,27.9,65.2
2026-09-27 19:30:30,27.9,65.2
2026-09-27 19:30:32,27.9,65.1
2026-09-27 19:30:34,27.8,65.1
2026-09-27 19:30:36,27.9,65.1
2026-09-27 19:30:38,27.9,65
2026-09-27 19:30:40,27.8,65
2026-09-27 19:30:42,27.8,65
2026-09-27 19:30:44,27.8,65
2026-09-27 19:30:46,27.8,64.9
2026-09-27 19:30:48,27.8,64.9
2026-09-27 19:30:50,27.9,64.6
2026-09-27 19:31:33,27.8,64.8
2026-09-27 19:31:35,28.1,64.7
2026-09-27 19:31:37,27.9,64.8
2026-09-27 19:31:39,27.9,64.8
2026-09-27 19:31:41,27.9,64.7
2026-09-27 19:31:43,27.9,64.7
2026-09-27 19:31:45,27.9,64.7
2026-09-27 19:31:52,27.9,64.7
2026-09-27 19:31:53,27.9,64.7
2026-09-27 19:31:53,27.9,64.7
2026-09-27 19:31:54,27.9,64.7
2026-09-27 19:31:55,27.9,64.7
2026-09-27 19:31:59,27.8,64.8
2026-09-27 19:32:00,27.9,64.7
2026-09-27 19:32:02,27.9,64.7
2026-09-27 19:32:04,27.9,64.7
2026-09-27 19:32:07,27.9,64.7
2026-09-27 19:32:08,27.9,64.7
2026-09-27 19:32:14,27.9,64.7
2026-09-27 19:32:16,27.9,64.7
2026-09-27 19:32:16,27.9,64.7
2026-09-27 19:32:16,27.9,64.7
2026-09-27 19:32:21,27.9,64.7
2026-09-27 19:32:21,27.8,64.7
2026-09-27 19:32:25,27.9,64.7
2026-09-27 19:32:25,27.8,64.7
2026-09-27 19:32:28,27.9,64.7
2026-09-27 19:32:28,27.9,64.7
2026-09-27 19:32:30,27.9,64.7
2026-09-27 19:32:32,27.9,64.7
2026-09-27 19:32:34,27.9,64.7
2026-09-27 19:32:46,27.9,64.7
2026-09-27 19:32:47,27.9,64.8
2026-09-27 19:32:47,27.9,64.7
2026-09-27 19:32:47,27.9,64.7
2026-09-27 19:32:47,27.9,64.7
2026-09-27 19:32:47,27.9,64.7
2026-09-27 19:32:48,27.9,64.7
2026-09-27 19:32:50,27.9,64.7
2026-09-27 19:32:52,27.9,64.7
2026-09-27 19:32:54,27.9,64.7
2026-09-27 19:32:57,27.9,64.7
2026-09-27 19:32:58,27.9,64.7
2026-09-27 19:33:00,27.9,64.7
2026-09-27 19:33:02,27.9,64.7
2026-09-27 19:33:06,27.9,64.7
2026-09-27 19:33:06,27.9,64.5
2026-09-27 19:33:08,27.8,64.7
2026-09-27 19:33:10,27.9,64.7
2026-09-27 19:33:12,27.9,64.6
2026-09-27 19:33:14,27.9,64.6
2026-09-27 19:33:16,27.9,64.6
2026-09-27 19:33:19,27.9,64.6
2026-09-27 19:33:23,27.9,64.6
2026-09-27 19:33:23,27.9,64.6
2026-09-27 19:33:25,27.9,64.6
2026-09-27 19:33:27,27.9,64.6
2026-09-27 19:33:29,27.9,64.6
2026-09-27 19:33:31,27.9,64.6
2026-09-27 19:33:33,27.9,64.6
2026-09-27 19:33:35,27.9,64.6
2026-09-27 19:33:37,27.9,64.6
2026-09-27 19:33:39,27.9,64.6
2026-09-27 19:33:41,27.9,64.6
2026-09-27 19:33:43,27.9,64.6
2026-09-27 19:33:45,27.9,64.6
2026-09-27 19:33:47,27.9,64.6
2026-09-27 19:33:49,27.9,64.6
2026-09-27 19:33:51,27.9,64.6
2026-09-27 19:33:53,27.9,64.6
2026-09-27 19:33:55,27.9,64.6
2026-09-27 19:33:57,27.9,64.7
2026-09-27 19:33:59,27.9,64.7
2026-09-27 19:34:01,27.9,64.7
2026-09-27 19:34:03,27.9,64.7
2026-09-27 19:34:05,27.9,64.7
2026-09-27 19:34:08,27.9,64.7
2026-09-27 19:34:09,27.9,64.7
2026-09-27 19:34:11,27.9,64.7
2026-09-27 19:34:13,27.9,64.7
2026-09-27 19:34:18,27.9,64.7
2026-09-27 19:34:18,27.9,64.7
2026-09-27 19:34:31,27.9,64.7
2026-09-27 19:34:34,27.9,64.7
2026-09-27 19:34:34,27.9,64.7
2026-09-27 19:34:34,27.9,64.7
2026-09-27 19:34:34,27.9,64.7
2026-09-27 19:34:34,27.9,64.7
2026-09-27 19:34:34,27.9,64.7
2026-09-27 19:34:34,27.9,64.7
2026-09-27 19:34:35,27.9,64.7
2026-09-27 19:34:37,27.9,64.7
2026-09-27 19:34:39,27.9,64.7
2026-09-27 19:34:42,27.9,64.7
2026-09-27 19:34:44,27.9,64.7
2026-09-27 19:34:46,27.9,64.7
2026-09-27 19:34:48,27.9,64.7
2026-09-27 19:34:50,27.9,64.7
2026-09-27 19:34:52,27.9,64.7
2026-09-27 19:34:54,27.9,64.7
2026-09-27 19:34:56,27.9,64.6
2026-09-27 19:34:58,27.9,64.6
2026-09-27 19:35:01,27.9,64.6
2026-09-27 19:35:02,27.9,64.6
2026-09-27 19:35:04,27.9,64.6
2026-09-27 19:35:06,27.9,64.6
2026-09-27 19:35:08,27.9,64.6
2026-09-27 19:35:10,27.9,64.6
2026-09-27 19:35:12,27.9,64.6
2026-09-27 19:35:14,27.9,64.6
2026-09-27 19:35:16,27.9,64.6
2026-09-27 19:35:18,27.9,64.6
2026-09-27 19:35:20,27.9,64.6
2026-09-27 19:35:22,27.9,64.6
2026-09-27 19:35:24,27.9,64.6
2026-09-27 19:35:26,27.9,64.6
2026-09-27 19:35:28,27.9,64.6
2026-09-27 19:35:30,27.9,64.6
2026-09-27 19:35:32,27.9,64.6
2026-09-27 19:35:34,27.9,64.6
2026-09-27 19:35:36,27.9,64.6
2026-09-27 19:35:38,27.9,64.7
2026-09-27 19:35:40,27.9,64.7
2026-09-27 19:35:42,27.9,64.7
2026-09-27 19:35:44,27.9,64.7
2026-09-27 19:35:46,27.9,64.7
2026-09-27 19:35:48,27.9,64.7
2026-09-27 19:35:50,27.9,64.7
2026-09-27 19:35:52,27.9,64.7
2026-09-27 19:35:54,27.9,64.7
2026-09-27 19:35:57,27.9,64.6
2026-09-27 19:35:58,27.9,64.6
2026-09-27 19:36:01,27.9,64.6
2026-09-27 19:36:03,27.9,64.6
2026-09-27 19:36:05,27.9,64.6
2026-09-27 19:36:07,27.9,64.6
2026-09-27 19:36:09,27.9,64.6
2026-09-27 19:36:11,27.9,64.6
2026-09-27 19:36:13,27.9,64.6
2026-09-27 19:36:15,27.9,64.6
2026-09-27 19:36:17,27.9,64.6
2026-09-27 19:36:19,27.9,64.6
2026-09-27 19:36:21,27.9,64.6
2026-09-27 19:36:23,27.9,64.5
2026-09-27 19:36:25,27.9,64.6
2026-09-27 19:36:27,27.9,64.5
2026-09-27 19:36:29,27.9,64.5
2026-09-27 19:36:31,27.9,64.5
2026-09-27 19:36:33,27.9,64.5
2026-09-27 19:36:35,27.9,64.5
2026-09-27 19:36:37,27.9,64.5
2026-09-27 19:36:39,27.9,64.5
2026-09-27 19:36:41,27.9,64.5
2026-09-27 19:36:43,27.9,64.5
2026-09-27 19:36:45,27.9,64.6
2026-09-27 19:36:47,27.8,64.6
2026-09-27 19:36:49,27.9,64.6
2026-09-27 19:36:51,27.9,64.6
2026-09-27 19:36:53,27.8,64.6
2026-09-27 19:36:55,27.9,64.6
2026-09-27 19:36:57,27.8,64.6
2026-09-27 19:36:59,27.8,64.6
2026-09-27 19:37:01,27.8,64.6
2026-09-27 19:37:03,27.8,64.6
2026-09-27 19:37:05,27.8,64.6
2026-09-27 19:37:07,27.8,64.6
2026-09-27 19:37:09,27.9,64.6
2026-09-27 19:37:11,27.8,64.6
2026-09-27 19:37:14,27.8,64.6
2026-09-27 19:37:16,27.8,64.6
2026-09-27 19:37:18,27.8,64.6
2026-09-27 19:37:20,27.8,64.6
2026-09-27 19:37:22,27.8,64.6
2026-09-27 19:37:24,27.8,64.6
2026-09-27 19:37:26,27.8,64.6
2026-09-27 19:37:28,27.8,64.6
2026-09-27 19:37:30,27.8,64.7
2026-09-27 19:37:32,27.8,64.7
2026-09-27 19:37:34,27.8,64.7
2026-09-27 19:37:36,27.8,64.7
2026-09-27 19:37:38,27.8,64.7
2026-09-27 19:37:40,27.8,64.7
2026-09-27 19:37:42,27.8,64.7
2026-09-27 19:37:44,27.8,64.7
2026-09-27 19:37:46,27.8,64.7
2026-09-27 19:37:48,27.8,64.7
2026-09-27 19:37:50,27.8,64.7
2026-09-27 19:37:52,27.8,64.7
2026-09-27 19:37:54,27.8,64.7
2026-09-27 19:37:56,27.8,64.7
